Horsepower,prediction
70,66.69860009
68,68.9282155
70,75.24545915
88,76.73186942
79,79.70468997
85,109.4328954
112,121.3241776
110,128.0130238
150,153.2819984
160,161.4572549
175,168.8893062
